﻿{"name":"My Theme","visualStyles":{"*":{"*":{"*":[{"color":{"solid":{}}}],"background":[{"transparency":100}],"border":[{"color":{"solid":{"color":"#666666"}},"show":true}]}},"page":{"*":{"background":[{"color":{"solid":{"color":"#FFFFFF"}},"transparency":100}]}}},"dataColors":["#8AD1FF","#0A5FB4","#2A86CA","#DFF1F7","#004481","#0A5FB4","#EAD38F","#F29452"],"textClasses":{"label":{"color":"#FFFFFF"},"callout":{"color":"#FFFFFF"},"title":{"color":"#FFFFFF"}},"foregroundNeutralSecondary":"#FFFFFF"}